Top 100,Type,Gemeenten gesorteerd op grootte,Wie ingevuld?,Datum (wijziging),Corona Informatie,Corona specifiek nieuws,Algemeen nieuws,Opmerkingen
Amsterdam-Amstelland,Veiligheidsregio,0,Breyten,02-07-2020,,,https://www.amsterdam.nl/veiligheidsregio/,
Brabant-Noord,Veiligheidsregio,0,Breyten,02-07-2020,https://www.vrbn.nl/update-coronavirus/,https://www.vrbn.nl/update-coronavirus/actueel/,https://www.vrbn.nl/organisatie/nieuws/nieuws-0/nieuws/,
Brabant-Zuidoost,Veiligheidsregio,0,Breyten,02-07-2020,,,https://www.vrbzo.nl/actueel/,
Drenthe,Veiligheidsregio,0,Breyten,02-07-2020,https://www.vrd.nl/coronavirus-in-drenthe.html,https://www.vrd.nl/coronavirus-in-drenthe/actuele-maatregelen.html,https://www.vrd.nl/actueel.html,
Flevoland,Veiligheidsregio,0,Breyten,02-07-2020,,https://www.veiligheidsregioflevoland.nl/actueel/corona/,https://www.veiligheidsregioflevoland.nl/,
Frysl√¢n,Veiligheidsregio,0,Breyten,02-07-2020,https://www.veiligheidsregiofryslan.nl/coronavirus/,https://www.veiligheidsregiofryslan.nl/coronavirus/nieuwsberichten/,https://www.veiligheidsregiofryslan.nl/,
Gelderland-Midden,Veiligheidsregio,0,Breyten,02-07-2020,,,https://www.vggm.nl/vggm,
Gelderland-Zuid,Veiligheidsregio,0,Breyten,02-07-2020,,,,pagina laadt niet
Gooi en Vechtstreek,Veiligheidsregio,0,Breyten,02-07-2020,,https://www.vrgooienvechtstreek.nl/categorie/coronanieuws/,https://www.vrgooienvechtstreek.nl/actueel/,
Groningen,Veiligheidsregio,0,Breyten,02-07-2020,https://www.veiligheidsregiogroningen.nl/wat_jij_kan_doen/tijdens_een_crisis/corona/wat_betekent_het_coronavirus_voor_groningen_,,https://www.veiligheidsregiogroningen.nl/over_ons/nieuws/,
Haaglanden,Veiligheidsregio,0,Breyten,02-07-2020,https://haaglandenveilig.nl/informatie-over-het-coronavirus-covid-19,,https://www.vrh.nl/nieuws-verhalen,
Hollands-Midden,Veiligheidsregio,0,Breyten,02-07-2020,,,https://www.vrhm.nl/,
IJsselland,Veiligheidsregio,0,Breyten,02-07-2020,https://www.vrijsselland.nl/coronavirus/,https://www.vrijsselland.nl/nieuwsoverzicht-coronavirus/,https://www.vrijsselland.nl/nieuws,
Kennemerland,Veiligheidsregio,0,Breyten,02-07-2020,https://www.vrk.nl/nl-NL/Coronavirus,https://www.vrk.nl/Nieuws/2020/03/31/Update-coronavirus,https://www.vrk.nl/nl-NL/Nieuws,
Limburg-Noord,Veiligheidsregio,0,Breyten,02-07-2020,,https://vrln.nl/nieuws/coronavirus,https://www.vrln.nl/nieuws,
Limburg-Zuid,Veiligheidsregio,0,Breyten,02-07-2020,https://www.vrzl.nl/coronavirus,,https://vrzl.nl/nieuws,
Midden- en West-Brabant,Veiligheidsregio,0,Breyten,02-07-2020,,,https://www.vrmwb.nl/nieuws,
Noord- en Oost-Gelderland,Veiligheidsregio,0,Breyten,02-07-2020,https://www.vrmwb.nl/Nieuws/2020/02/27/Informatie-over-corona,,https://www.vrmwb.nl/Nieuws,
Noord-Holland-Noord,Veiligheidsregio,0,Breyten,02-07-2020,,,https://www.vrnhn.nl/actueel,
Rotterdam-Rijnmond,Veiligheidsregio,0,Breyten,02-07-2020,,,https://vr-rr.nl/actueel/,
Twente,Veiligheidsregio,0,Breyten,02-07-2020,https://vrtwente.nl/corona/,,https://vrtwente.nl/actueel/,
Utrecht,Veiligheidsregio,0,Breyten,02-07-2020,https://www.vru.nl/coronavirus/informatie-voor-inwoners,,https://www.vru.nl/nieuws,
Zaanstreek-Waterland,Veiligheidsregio,0,Breyten,02-07-2020,https://www.veiligheidsregiozaanstreekwaterland.nl/incidenten/incident/?tx_news_pi1%5Bnews%5D=1110&tx_news_pi1%5Bcontroller%5D=News&tx_news_pi1%5Baction%5D=detail&cHash=8b49f50d654ceedcc0f2f618c305a1ea,,https://www.veiligheidsregiozaanstreekwaterland.nl/nieuws.html,
Zeeland,Veiligheidsregio,0,Breyten,02-07-2020,https://www.zeelandveilig.nl/coronavirus,https://www.zeelandveilig.nl/meldingen/zeeuwse-maatregelen-coronavirus,https://www.veiligheidsregiozeeland.nl/nieuws,
Zuid-Holland-Zuid,Veiligheidsregio,0,Breyten,02-07-2020,,https://www.zhzveilig.nl/vrzhz/nieuws-coronavirus/,https://www.zhzveilig.nl/vrzhz/nieuws/,